UNDERLYING                          ,SYMBOL    ,DEC-18     ,JAN-19     ,FEB-19     ,MAR-19     ,JUN-19     ,SEP-19     ,DEC-19     ,JUN-20     ,DEC-20     ,JUN-21     ,DEC-21     ,JUN-22     ,DEC-22     ,JUN-23     ,           
NIFTY BANK                          ,BANKNIFTY ,20         ,20         ,20         ,           ,           ,           ,           ,           ,           ,           ,           ,           ,           ,           ,           
NIFTY 50                            ,NIFTY     ,75         ,75         ,75         ,75         ,75         ,75         ,75         ,75         ,75         ,75         ,75         ,75         ,75         ,75         ,           
NIFTY IT                            ,NIFTYIT   ,50         ,50         ,50         ,           ,           ,           ,           ,           ,           ,           ,           ,           ,           ,           ,           
NIFTY MIDCAP 50                     ,NIFTYMID50,110        ,           ,           ,           ,           ,           ,           ,           ,           ,           ,           ,           ,           ,           ,           
Derivatives on Individual Securities,Symbol    ,DEC-18     ,JAN-19     ,FEB-19     ,           ,           ,           ,           ,           ,           ,           ,           ,           ,           ,           ,           
BAJAJ FINSERV LTD.                  ,BAJAJFINSV,125        ,125        ,125        ,           ,           ,           ,           ,           ,           ,           ,           ,           ,           ,           ,           
ADANI ENTERPRISES LIMITED           ,ADANIENT  ,4000       ,4000       ,4000       ,           ,           ,           ,           ,           ,           ,           ,           ,           ,           ,           ,           
ADANI PORT & SEZ LTD                ,ADANIPORTS,2500       ,2500       ,2500       ,           ,           ,           ,           ,           ,           ,           ,           ,           ,           ,           ,           
ADANI POWER LTD                     ,ADANIPOWER,20000      ,20000      ,20000      ,           ,           ,           ,           ,           ,           ,           ,           ,           ,           ,           ,           
AJANTA PHARMA LIMITED               ,AJANTPHARM,500        ,500        ,500        ,           ,           ,           ,           ,           ,           ,           ,           ,           ,           ,           ,           
AMARA RAJA BATTERIES LTD.           ,AMARAJABAT,700        ,700        ,700        ,           ,           ,           ,           ,           ,           ,           ,           ,           ,           ,           ,           
APOLLO HOSPITALS ENTER. L           ,APOLLOHOSP,500        ,500        ,500        ,           ,           ,           ,           ,           ,           ,           ,           ,           ,           ,           ,           
APOLLO TYRES LTD                    ,APOLLOTYRE,3000       ,3000       ,3000       ,           ,           ,           ,           ,           ,           ,           ,           ,           ,           ,           ,           
ARVIND LIMITED                      ,ARVIND    ,2000       ,2000       ,2000       ,           ,           ,           ,           ,           ,           ,           ,           ,           ,           ,           ,           
ACC LIMITED                         ,ACC       ,400        ,400        ,400        ,           ,           ,           ,           ,           ,           ,           ,           ,           ,           ,           ,           
ASIAN PAINTS LIMITED                ,ASIANPAINT,600        ,600        ,600        ,           ,           ,           ,           ,           ,           ,           ,           ,           ,           ,           ,           
AXIS BANK LIMITED                   ,AXISBANK  ,1200       ,1200       ,1200       ,           ,           ,           ,           ,           ,           ,           ,           ,           ,           ,           ,           
BAJAJ AUTO LIMITED                  ,BAJAJ-AUTO,250        ,250        ,250        ,           ,           ,           ,           ,           ,           ,           ,           ,           ,           ,           ,           
BAJAJ FINANCE LIMITED               ,BAJFINANCE,250        ,250        ,250        ,           ,           ,           ,           ,           ,           ,           ,           ,           ,           ,           ,           
BALKRISHNA IND. LTD                 ,BALKRISIND,800        ,800        ,800        ,           ,           ,           ,           ,           ,           ,           ,           ,           ,           ,           ,           
BANK OF BARODA                      ,BANKBARODA,4000       ,4000       ,4000       ,           ,           ,           ,           ,           ,           ,           ,           ,           ,           ,           ,           
BANK OF INDIA                       ,BANKINDIA ,6000       ,6000       ,6000       ,           ,           ,           ,           ,           ,           ,           ,           ,           ,           ,           ,           
BHARAT ELECTRONICS LTD              ,BEL       ,4950       ,6000       ,6000       ,           ,           ,           ,           ,           ,           ,           ,           ,           ,           ,           ,           
AMBUJA CEMENTS LTD                  ,AMBUJACEM ,2500       ,2500       ,2500       ,           ,           ,           ,           ,           ,           ,           ,           ,           ,           ,           ,           
BHARAT FIN INCLUSION LTD            ,BHARATFIN ,500        ,500        ,500        ,           ,           ,           ,           ,           ,           ,           ,           ,           ,           ,           ,           
BEML LIMITED                        ,BEML      ,500        ,700        ,700        ,           ,           ,           ,           ,           ,           ,           ,           ,           ,           ,           ,           
BERGER PAINTS (I) LTD               ,BERGEPAINT,2200       ,2200       ,2200       ,           ,           ,           ,           ,           ,           ,           ,           ,           ,           ,           ,           
BHARAT FORGE LTD                    ,BHARATFORG,1200       ,1200       ,1200       ,           ,           ,           ,           ,           ,           ,           ,           ,           ,           ,           ,           
BHARTI AIRTEL LIMITED               ,BHARTIARTL,1700       ,1700       ,1700       ,           ,           ,           ,           ,           ,           ,           ,           ,           ,           ,           ,           
BHEL                                ,BHEL      ,7500       ,7500       ,7500       ,           ,           ,           ,           ,           ,           ,           ,           ,           ,           ,           ,           
BIOCON LIMITED.                     ,BIOCON    ,900        ,900        ,900        ,           ,           ,           ,           ,           ,           ,           ,           ,           ,           ,           ,           
BRITANNIA INDUSTRIES LTD            ,BRITANNIA ,200        ,200        ,200        ,           ,           ,           ,           ,           ,           ,           ,           ,           ,           ,           ,           
CANARA BANK                         ,CANBK     ,2000       ,2000       ,2000       ,           ,           ,           ,           ,           ,           ,           ,           ,           ,           ,           ,           
CAN FIN HOMES LTD                   ,CANFINHOME,1250       ,1800       ,1800       ,           ,           ,           ,           ,           ,           ,           ,           ,           ,           ,           ,           
CIPLA LTD                           ,CIPLA     ,1000       ,1000       ,1000       ,           ,           ,           ,           ,           ,           ,           ,           ,           ,           ,           ,           
CAPITAL FIRST LIMITED               ,CAPF      ,800        ,900        ,900        ,           ,           ,           ,           ,           ,           ,           ,           ,           ,           ,           ,           
CASTROL INDIA LIMITED               ,CASTROLIND,2800       ,3400       ,3400       ,           ,           ,           ,           ,           ,           ,           ,           ,           ,           ,           ,           
CEAT LIMITED                        ,CEATLTD   ,350        ,400        ,400        ,           ,           ,           ,           ,           ,           ,           ,           ,           ,           ,           ,           
EQUITAS HOLDINGS LIMITED            ,EQUITAS   ,4000       ,4000       ,4000       ,           ,           ,           ,           ,           ,           ,           ,           ,           ,           ,           ,           
CENTURY TEXTILES LTD                ,CENTURYTEX,550        ,600        ,600        ,           ,           ,           ,           ,           ,           ,           ,           ,           ,           ,           ,           
CESC LTD                            ,CESC      ,550        ,550        ,550        ,           ,           ,           ,           ,           ,           ,           ,           ,           ,           ,           ,           
GRASIM INDUSTRIES LTD               ,GRASIM    ,750        ,750        ,750        ,           ,           ,           ,           ,           ,           ,           ,           ,           ,           ,           ,           
CG POWER AND IND SOL LTD            ,CGPOWER   ,12000      ,12000      ,12000      ,           ,           ,           ,           ,           ,           ,           ,           ,           ,           ,           ,           
CHENNAI PETROLEUM CORP LT           ,CHENNPETRO,1500       ,1800       ,1800       ,           ,           ,           ,           ,           ,           ,           ,           ,           ,           ,           ,           
HEXAWARE TECHNOLOGIES LTD           ,HEXAWARE  ,1500       ,1500       ,1500       ,           ,           ,           ,           ,           ,           ,           ,           ,           ,           ,           ,           
CHOLAMANDALAM IN & FIN CO           ,CHOLAFIN  ,500        ,500        ,500        ,           ,           ,           ,           ,           ,           ,           ,           ,           ,           ,           ,           
IDFC BANK LIMITED                   ,IDFCBANK  ,11000      ,12000      ,12000      ,           ,           ,           ,           ,           ,           ,           ,           ,           ,           ,           ,           
COAL INDIA LTD                      ,COALINDIA ,2200       ,2200       ,2200       ,           ,           ,           ,           ,           ,           ,           ,           ,           ,           ,           ,           
COLGATE PALMOLIVE LTD.              ,COLPAL    ,700        ,700        ,700        ,           ,           ,           ,           ,           ,           ,           ,           ,           ,           ,           ,           
INFOSYS LIMITED                     ,INFY      ,1200       ,1200       ,1200       ,           ,           ,           ,           ,           ,           ,           ,           ,           ,           ,           ,           
CONTAINER CORP OF IND LTD           ,CONCOR    ,1250       ,1250       ,1250       ,           ,           ,           ,           ,           ,           ,           ,           ,           ,           ,           ,           
DABUR INDIA LTD                     ,DABUR     ,1250       ,1250       ,1250       ,           ,           ,           ,           ,           ,           ,           ,           ,           ,           ,           ,           
DEWAN HOUSING FIN CORP LT           ,DHFL      ,1500       ,1500       ,1500       ,           ,           ,           ,           ,           ,           ,           ,           ,           ,           ,           ,           
JSW STEEL LIMITED                   ,JSWSTEEL  ,1500       ,1500       ,1500       ,           ,           ,           ,           ,           ,           ,           ,           ,           ,           ,           ,           
DIVI'S LABORATORIES LTD             ,DIVISLAB  ,400        ,400        ,400        ,           ,           ,           ,           ,           ,           ,           ,           ,           ,           ,           ,           
JUBILANT FOODWORKS LTD              ,JUBLFOOD  ,500        ,500        ,500        ,           ,           ,           ,           ,           ,           ,           ,           ,           ,           ,           ,           
DLF LIMITED                         ,DLF       ,2500       ,2600       ,2600       ,           ,           ,           ,           ,           ,           ,           ,           ,           ,           ,           ,           
EICHER MOTORS LTD                   ,EICHERMOT ,25         ,25         ,25         ,           ,           ,           ,           ,           ,           ,           ,           ,           ,           ,           ,           
KAVERI SEED CO. LTD.                ,KSCL      ,1500       ,1500       ,1500       ,           ,           ,           ,           ,           ,           ,           ,           ,           ,           ,           ,           
ENGINEERS INDIA LTD                 ,ENGINERSIN,3500       ,4100       ,4100       ,           ,           ,           ,           ,           ,           ,           ,           ,           ,           ,           ,           
ESCORTS INDIA LTD                   ,ESCORTS   ,1100       ,1100       ,1100       ,           ,           ,           ,           ,           ,           ,           ,           ,           ,           ,           ,           
MOTHERSON SUMI SYSTEMS LT           ,MOTHERSUMI,2400       ,2850       ,2850       ,           ,           ,           ,           ,           ,           ,           ,           ,           ,           ,           ,           
GLENMARK PHARMACEUTICALS            ,GLENMARK  ,1000       ,1000       ,1000       ,           ,           ,           ,           ,           ,           ,           ,           ,           ,           ,           ,           
GMR INFRASTRUCTURE LTD.             ,GMRINFRA  ,45000      ,45000      ,45000      ,           ,           ,           ,           ,           ,           ,           ,           ,           ,           ,           ,           
GODFREY PHILLIPS INDIA LT           ,GODFRYPHLP,700        ,700        ,700        ,           ,           ,           ,           ,           ,           ,           ,           ,           ,           ,           ,           
GODREJ CONSUMER PRODUCTS            ,GODREJCP  ,600        ,600        ,600        ,           ,           ,           ,           ,           ,           ,           ,           ,           ,           ,           ,           
GODREJ INDUSTRIES LTD               ,GODREJIND ,1500       ,1500       ,1500       ,           ,           ,           ,           ,           ,           ,           ,           ,           ,           ,           ,           
NTPC LTD                            ,NTPC      ,4000       ,4000       ,4000       ,           ,           ,           ,           ,           ,           ,           ,           ,           ,           ,           ,           
GUJ STATE FERT & CHEM LTD           ,GSFC      ,4500       ,4700       ,4700       ,           ,           ,           ,           ,           ,           ,           ,           ,           ,           ,           ,           
ORACLE FIN SERV SOFT LTD.           ,OFSS      ,150        ,150        ,150        ,           ,           ,           ,           ,           ,           ,           ,           ,           ,           ,           ,           
HAVELLS INDIA LIMITED               ,HAVELLS   ,1000       ,1000       ,1000       ,           ,           ,           ,           ,           ,           ,           ,           ,           ,           ,           ,           
HDFC LTD                            ,HDFC      ,500        ,500        ,500        ,           ,           ,           ,           ,           ,           ,           ,           ,           ,           ,           ,           
HDFC BANK LTD                       ,HDFCBANK  ,250        ,250        ,250        ,           ,           ,           ,           ,           ,           ,           ,           ,           ,           ,           ,           
HERO MOTOCORP LIMITED               ,HEROMOTOCO,200        ,200        ,200        ,           ,           ,           ,           ,           ,           ,           ,           ,           ,           ,           ,           
HINDALCO  INDUSTRIES  LTD           ,HINDALCO  ,3500       ,3500       ,3500       ,           ,           ,           ,           ,           ,           ,           ,           ,           ,           ,           ,           
HINDUSTAN UNILEVER LTD.             ,HINDUNILVR,600        ,600        ,600        ,           ,           ,           ,           ,           ,           ,           ,           ,           ,           ,           ,           
HINDUSTAN ZINC LIMITED              ,HINDZINC  ,3200       ,3200       ,3200       ,           ,           ,           ,           ,           ,           ,           ,           ,           ,           ,           ,           
RELIANCE CAPITAL LTD                ,RELCAPITAL,1500       ,1500       ,1500       ,           ,           ,           ,           ,           ,           ,           ,           ,           ,           ,           ,           
INDIABULLS HSG FIN LTD              ,IBULHSGFIN,500        ,500        ,500        ,           ,           ,           ,           ,           ,           ,           ,           ,           ,           ,           ,           
SUN PHARMACEUTICAL IND L            ,SUNPHARMA ,1100       ,1100       ,1100       ,           ,           ,           ,           ,           ,           ,           ,           ,           ,           ,           ,           
TATA MOTORS DVR 'A' ORD             ,TATAMTRDVR,2800       ,3800       ,3800       ,           ,           ,           ,           ,           ,           ,           ,           ,           ,           ,           ,           
ICICI PRU LIFE INS CO LTD           ,ICICIPRULI,1300       ,1500       ,1500       ,           ,           ,           ,           ,           ,           ,           ,           ,           ,           ,           ,           
TATA CONSULTANCY SERV LT            ,TCS       ,250        ,250        ,250        ,           ,           ,           ,           ,           ,           ,           ,           ,           ,           ,           ,           
INDRAPRASTHA GAS LTD                ,IGL       ,2750       ,2750       ,2750       ,           ,           ,           ,           ,           ,           ,           ,           ,           ,           ,           ,           
UNITED BREWERIES LTD                ,UBL       ,700        ,700        ,700        ,           ,           ,           ,           ,           ,           ,           ,           ,           ,           ,           ,           
THE INDIA CEMENTS LIMITED           ,INDIACEM  ,3500       ,4500       ,4500       ,           ,           ,           ,           ,           ,           ,           ,           ,           ,           ,           ,           
INTERGLOBE AVIATION LTD             ,INDIGO    ,600        ,600        ,600        ,           ,           ,           ,           ,           ,           ,           ,           ,           ,           ,           ,           
INDUSIND BANK LIMITED               ,INDUSINDBK,300        ,300        ,300        ,           ,           ,           ,           ,           ,           ,           ,           ,           ,           ,           ,           
UJJIVAN FIN. SERVC. LTD.            ,UJJIVAN   ,1600       ,1600       ,1600       ,           ,           ,           ,           ,           ,           ,           ,           ,           ,           ,           ,           
WOCKHARDT LIMITED                   ,WOCKPHARMA,900        ,900        ,900        ,           ,           ,           ,           ,           ,           ,           ,           ,           ,           ,           ,           
YES BANK LIMITED                    ,YESBANK   ,1750       ,1750       ,1750       ,           ,           ,           ,           ,           ,           ,           ,           ,           ,           ,           ,           
INFIBEAM AVENUES LIMITED            ,INFIBEAM  ,4000       ,4000       ,4000       ,           ,           ,           ,           ,           ,           ,           ,           ,           ,           ,           ,           
ALLAHABAD BANK                      ,ALBK      ,11000      ,13000      ,13000      ,           ,           ,           ,           ,           ,           ,           ,           ,           ,           ,           ,           
BHARTI INFRATEL LTD.                ,INFRATEL  ,1700       ,2000       ,2000       ,           ,           ,           ,           ,           ,           ,           ,           ,           ,           ,           ,           
ITC LTD                             ,ITC       ,2400       ,2400       ,2400       ,           ,           ,           ,           ,           ,           ,           ,           ,           ,           ,           ,           
JINDAL STEEL & POWER LTD            ,JINDALSTEL,2250       ,2250       ,2250       ,           ,           ,           ,           ,           ,           ,           ,           ,           ,           ,           ,           
JAIN IRRIGATION SYSTEMS             ,JISLJALEQS,9000       ,9000       ,9000       ,           ,           ,           ,           ,           ,           ,           ,           ,           ,           ,           ,           
JUSTDIAL LTD.                       ,JUSTDIAL  ,1400       ,1400       ,1400       ,           ,           ,           ,           ,           ,           ,           ,           ,           ,           ,           ,           
KAJARIA CERAMICS LTD                ,KAJARIACER,1000       ,1300       ,1300       ,           ,           ,           ,           ,           ,           ,           ,           ,           ,           ,           ,           
KPIT TECHNOLOGIES LTD               ,KPIT      ,2250       ,2250       ,2250       ,           ,           ,           ,           ,           ,           ,           ,           ,           ,           ,           ,           
KARNATAKA BANK LIMITED              ,KTKBANK   ,4500       ,4700       ,4700       ,           ,           ,           ,           ,           ,           ,           ,           ,           ,           ,           ,           
L&T FINANCE HOLDINGS LTD            ,L&TFH     ,4500       ,4500       ,4500       ,           ,           ,           ,           ,           ,           ,           ,           ,           ,           ,           ,           
LARSEN & TOUBRO LTD.                ,LT        ,375        ,375        ,375        ,           ,           ,           ,           ,           ,           ,           ,           ,           ,           ,           ,           
MAHINDRA & MAHINDRA LTD             ,M&M       ,1000       ,1000       ,1000       ,           ,           ,           ,           ,           ,           ,           ,           ,           ,           ,           ,           
MANAPPURAM FINANCE LTD              ,MANAPPURAM,6000       ,6000       ,6000       ,           ,           ,           ,           ,           ,           ,           ,           ,           ,           ,           ,           
AUROBINDO PHARMA LTD                ,AUROPHARMA,1000       ,1000       ,1000       ,           ,           ,           ,           ,           ,           ,           ,           ,           ,           ,           ,           
MARUTI SUZUKI INDIA LTD.            ,MARUTI    ,75         ,75         ,75         ,           ,           ,           ,           ,           ,           ,           ,           ,           ,           ,           ,           
MULTI COMMODITY EXCHANGE            ,MCX       ,700        ,700        ,700        ,           ,           ,           ,           ,           ,           ,           ,           ,           ,           ,           ,           
MAX FINANCIAL SERV LTD              ,MFSL      ,1200       ,1200       ,1200       ,           ,           ,           ,           ,           ,           ,           ,           ,           ,           ,           ,           
MAHANAGAR GAS LTD.                  ,MGL       ,600        ,600        ,600        ,           ,           ,           ,           ,           ,           ,           ,           ,           ,           ,           ,           
MINDTREE LIMITED                    ,MINDTREE  ,600        ,600        ,600        ,           ,           ,           ,           ,           ,           ,           ,           ,           ,           ,           ,           
MRF LTD                             ,MRF       ,10         ,10         ,10         ,           ,           ,           ,           ,           ,           ,           ,           ,           ,           ,           ,           
MRPL                                ,MRPL      ,4500       ,7000       ,7000       ,           ,           ,           ,           ,           ,           ,           ,           ,           ,           ,           ,           
CUMMINS INDIA LTD                   ,CUMMINSIND,700        ,700        ,700        ,           ,           ,           ,           ,           ,           ,           ,           ,           ,           ,           ,           
MUTHOOT FINANCE LIMITED             ,MUTHOOTFIN,1500       ,1500       ,1500       ,           ,           ,           ,           ,           ,           ,           ,           ,           ,           ,           ,           
NATIONAL ALUMINIUM CO LTD           ,NATIONALUM,8000       ,8000       ,8000       ,           ,           ,           ,           ,           ,           ,           ,           ,           ,           ,           ,           
NBCC (INDIA) LIMITED                ,NBCC      ,6000       ,8000       ,8000       ,           ,           ,           ,           ,           ,           ,           ,           ,           ,           ,           ,           
NCC LIMITED                         ,NCC       ,8000       ,8000       ,8000       ,           ,           ,           ,           ,           ,           ,           ,           ,           ,           ,           ,           
NESTLE INDIA LIMITED                ,NESTLEIND ,50         ,50         ,50         ,           ,           ,           ,           ,           ,           ,           ,           ,           ,           ,           ,           
NIIT TECHNOLOGIES LTD               ,NIITTECH  ,750        ,750        ,750        ,           ,           ,           ,           ,           ,           ,           ,           ,           ,           ,           ,           
NMDC LTD.                           ,NMDC      ,6000       ,6000       ,6000       ,           ,           ,           ,           ,           ,           ,           ,           ,           ,           ,           ,           
OIL INDIA LTD                       ,OIL       ,3399       ,3399       ,3399       ,           ,           ,           ,           ,           ,           ,           ,           ,           ,           ,           ,           
OIL AND NATURAL GAS CORP.           ,ONGC      ,3750       ,3750       ,3750       ,           ,           ,           ,           ,           ,           ,           ,           ,           ,           ,           ,           
PC JEWELLER LTD                     ,PCJEWELLER,1500       ,6500       ,6500       ,           ,           ,           ,           ,           ,           ,           ,           ,           ,           ,           ,           
PIRAMAL ENTERPRISES LTD             ,PEL       ,302        ,302        ,302        ,           ,           ,           ,           ,           ,           ,           ,           ,           ,           ,           ,           
POWER FIN CORP LTD.                 ,PFC       ,6000       ,6200       ,6200       ,           ,           ,           ,           ,           ,           ,           ,           ,           ,           ,           ,           
ICICI BANK LTD.                     ,ICICIBANK ,2750       ,2750       ,2750       ,           ,           ,           ,           ,           ,           ,           ,           ,           ,           ,           ,           
PIDILITE INDUSTRIES LTD             ,PIDILITIND,500        ,500        ,500        ,           ,           ,           ,           ,           ,           ,           ,           ,           ,           ,           ,           
PUNJAB NATIONAL BANK                ,PNB       ,5500       ,7000       ,7000       ,           ,           ,           ,           ,           ,           ,           ,           ,           ,           ,           ,           
POWER GRID CORP. LTD.               ,POWERGRID ,4000       ,4000       ,4000       ,           ,           ,           ,           ,           ,           ,           ,           ,           ,           ,           ,           
PVR LIMITED                         ,PVR       ,400        ,400        ,400        ,           ,           ,           ,           ,           ,           ,           ,           ,           ,           ,           ,           
THE RAMCO CEMENTS LIMITED           ,RAMCOCEM  ,800        ,800        ,800        ,           ,           ,           ,           ,           ,           ,           ,           ,           ,           ,           ,           
RAYMOND LTD                         ,RAYMOND   ,800        ,800        ,800        ,           ,           ,           ,           ,           ,           ,           ,           ,           ,           ,           ,           
RBL BANK LIMITED                    ,RBLBANK   ,1200       ,1200       ,1200       ,           ,           ,           ,           ,           ,           ,           ,           ,           ,           ,           ,           
STEEL AUTHORITY OF INDIA            ,SAIL      ,12000      ,12000      ,12000      ,           ,           ,           ,           ,           ,           ,           ,           ,           ,           ,           ,           
SHREE CEMENT LIMITED                ,SHREECEM  ,50         ,50         ,50         ,           ,           ,           ,           ,           ,           ,           ,           ,           ,           ,           ,           
SIEMENS LTD                         ,SIEMENS   ,500        ,550        ,550        ,           ,           ,           ,           ,           ,           ,           ,           ,           ,           ,           ,           
THE SOUTH INDIAN BANK LTD           ,SOUTHBANK ,33141      ,33141      ,33141      ,           ,           ,           ,           ,           ,           ,           ,           ,           ,           ,           ,           
SRF LTD                             ,SRF       ,500        ,500        ,500        ,           ,           ,           ,           ,           ,           ,           ,           ,           ,           ,           ,           
STRIDES PHARMA SCI LTD              ,STAR      ,800        ,1100       ,1100       ,           ,           ,           ,           ,           ,           ,           ,           ,           ,           ,           ,           
SYNDICATE BANK                      ,SYNDIBANK ,9000       ,15000      ,15000      ,           ,           ,           ,           ,           ,           ,           ,           ,           ,           ,           ,           
TATA CHEMICALS LTD                  ,TATACHEM  ,750        ,750        ,750        ,           ,           ,           ,           ,           ,           ,           ,           ,           ,           ,           ,           
TATA ELXSI LIMITED                  ,TATAELXSI ,400        ,400        ,400        ,           ,           ,           ,           ,           ,           ,           ,           ,           ,           ,           ,           
TATA POWER CO LTD                   ,TATAPOWER ,9000       ,9000       ,9000       ,           ,           ,           ,           ,           ,           ,           ,           ,           ,           ,           ,           
TATA STEEL LIMITED                  ,TATASTEEL ,1061       ,1061       ,1061       ,           ,           ,           ,           ,           ,           ,           ,           ,           ,           ,           ,           
TITAN COMPANY LIMITED               ,TITAN     ,750        ,750        ,750        ,           ,           ,           ,           ,           ,           ,           ,           ,           ,           ,           ,           
TORRENT PHARMACEUTICALS L           ,TORNTPHARM,500        ,500        ,500        ,           ,           ,           ,           ,           ,           ,           ,           ,           ,           ,           ,           
TORRENT POWER LTD                   ,TORNTPOWER,3000       ,3000       ,3000       ,           ,           ,           ,           ,           ,           ,           ,           ,           ,           ,           ,           
TV18 BROADCAST LIMITED              ,TV18BRDCST,8500       ,13000      ,13000      ,           ,           ,           ,           ,           ,           ,           ,           ,           ,           ,           ,           
TVS MOTOR COMPANY  LTD              ,TVSMOTOR  ,1000       ,1000       ,1000       ,           ,           ,           ,           ,           ,           ,           ,           ,           ,           ,           ,           
ULTRATECH CEMENT LIMITED            ,ULTRACEMCO,200        ,200        ,200        ,           ,           ,           ,           ,           ,           ,           ,           ,           ,           ,           ,           
UNION BANK OF INDIA                 ,UNIONBANK ,6000       ,7000       ,7000       ,           ,           ,           ,           ,           ,           ,           ,           ,           ,           ,           ,           
UPL LIMITED                         ,UPL       ,1200       ,1200       ,1200       ,           ,           ,           ,           ,           ,           ,           ,           ,           ,           ,           ,           
VEDANTA LIMITED                     ,VEDL      ,1750       ,2300       ,2300       ,           ,           ,           ,           ,           ,           ,           ,           ,           ,           ,           ,           
V-GUARD IND LTD.                    ,VGUARD    ,3000       ,3000       ,3000       ,           ,           ,           ,           ,           ,           ,           ,           ,           ,           ,           ,           
VOLTAS LTD                          ,VOLTAS    ,1000       ,1000       ,1000       ,           ,           ,           ,           ,           ,           ,           ,           ,           ,           ,           ,           
WIPRO LTD                           ,WIPRO     ,2400       ,2400       ,2400       ,           ,           ,           ,           ,           ,           ,           ,           ,           ,           ,           ,           
ZEE ENTERTAINMENT ENT LTD           ,ZEEL      ,1300       ,1300       ,1300       ,           ,           ,           ,           ,           ,           ,           ,           ,           ,           ,           ,           
ORIENTAL BANK OF COMMERCE           ,ORIENTBANK,6000       ,7000       ,7000       ,           ,           ,           ,           ,           ,           ,           ,           ,           ,           ,           ,           
BATA INDIA LTD                      ,BATAINDIA ,550        ,550        ,550        ,           ,           ,           ,           ,           ,           ,           ,           ,           ,           ,           ,           
REC LIMITED                         ,RECLTD    ,6000       ,6000       ,6000       ,           ,           ,           ,           ,           ,           ,           ,           ,           ,           ,           ,           
RELIANCE INFRASTRUCTU LTD           ,RELINFRA  ,1300       ,1300       ,1300       ,           ,           ,           ,           ,           ,           ,           ,           ,           ,           ,           ,           
RELIANCE POWER LTD.                 ,RPOWER    ,13000      ,16000      ,16000      ,           ,           ,           ,           ,           ,           ,           ,           ,           ,           ,           ,           
CADILA HEALTHCARE LIMITED           ,CADILAHC  ,1600       ,1600       ,1600       ,           ,           ,           ,           ,           ,           ,           ,           ,           ,           ,           ,           
DCB BANK LIMITED                    ,DCBBANK   ,4500       ,4500       ,4500       ,           ,           ,           ,           ,           ,           ,           ,           ,           ,           ,           ,           
DISH TV INDIA LTD.                  ,DISHTV    ,8000       ,8000       ,8000       ,           ,           ,           ,           ,           ,           ,           ,           ,           ,           ,           ,           
DR. REDDY'S LABORATORIES            ,DRREDDY   ,250        ,250        ,250        ,           ,           ,           ,           ,           ,           ,           ,           ,           ,           ,           ,           
FEDERAL BANK LTD                    ,FEDERALBNK,5500       ,7000       ,7000       ,           ,           ,           ,           ,           ,           ,           ,           ,           ,           ,           ,           
HCL TECHNOLOGIES LTD                ,HCLTECH   ,700        ,700        ,700        ,           ,           ,           ,           ,           ,           ,           ,           ,           ,           ,           ,           
HINDUSTAN PETROLEUM CORP            ,HINDPETRO ,1575       ,2100       ,2100       ,           ,           ,           ,           ,           ,           ,           ,           ,           ,           ,           ,           
IDBI BANK LIMITED                   ,IDBI      ,10000      ,10000      ,10000      ,           ,           ,           ,           ,           ,           ,           ,           ,           ,           ,           ,           
IDFC LIMITED                        ,IDFC      ,13200      ,13200      ,13200      ,           ,           ,           ,           ,           ,           ,           ,           ,           ,           ,           ,           
INDIAN BANK                         ,INDIANB   ,2000       ,2000       ,2000       ,           ,           ,           ,           ,           ,           ,           ,           ,           ,           ,           ,           
INDIAN OIL CORP LTD                 ,IOC       ,3000       ,3500       ,3500       ,           ,           ,           ,           ,           ,           ,           ,           ,           ,           ,           ,           
IRB INFRA DEV LTD.                  ,IRB       ,2500       ,3200       ,3200       ,           ,           ,           ,           ,           ,           ,           ,           ,           ,           ,           ,           
JET AIRWAYS (INDIA) LTD.            ,JETAIRWAYS,1200       ,2200       ,2200       ,           ,           ,           ,           ,           ,           ,           ,           ,           ,           ,           ,           
KOTAK MAHINDRA BANK LTD             ,KOTAKBANK ,800        ,800        ,800        ,           ,           ,           ,           ,           ,           ,           ,           ,           ,           ,           ,           
M&M FIN. SERVICES LTD               ,M&MFIN    ,1250       ,1250       ,1250       ,           ,           ,           ,           ,           ,           ,           ,           ,           ,           ,           ,           
UNITED SPIRITS LIMITED              ,MCDOWELL-N,1250       ,1250       ,1250       ,           ,           ,           ,           ,           ,           ,           ,           ,           ,           ,           ,           
PAGE INDUSTRIES LTD                 ,PAGEIND   ,25         ,25         ,25         ,           ,           ,           ,           ,           ,           ,           ,           ,           ,           ,           ,           
PETRONET LNG LIMITED                ,PETRONET  ,3000       ,3000       ,3000       ,           ,           ,           ,           ,           ,           ,           ,           ,           ,           ,           ,           
PTC INDIA LIMITED                   ,PTC       ,8000       ,8000       ,           ,           ,           ,           ,           ,           ,           ,           ,           ,           ,           ,           ,           
RELIANCE INDUSTRIES LTD             ,RELIANCE  ,500        ,500        ,500        ,           ,           ,           ,           ,           ,           ,           ,           ,           ,           ,           ,           
STATE BANK OF INDIA                 ,SBIN      ,3000       ,3000       ,3000       ,           ,           ,           ,           ,           ,           ,           ,           ,           ,           ,           ,           
SREI INFRASTRUCTURE FINAN           ,SREINFRA  ,7000       ,12000      ,12000      ,           ,           ,           ,           ,           ,           ,           ,           ,           ,           ,           ,           
SUN TV NETWORK LIMITED              ,SUNTV     ,1000       ,1000       ,1000       ,           ,           ,           ,           ,           ,           ,           ,           ,           ,           ,           ,           
TATA GLOBAL BEVERAGES LTD           ,TATAGLOBAL,2250       ,2250       ,2250       ,           ,           ,           ,           ,           ,           ,           ,           ,           ,           ,           ,           
TATA MOTORS LIMITED                 ,TATAMOTORS,1500       ,2000       ,2000       ,           ,           ,           ,           ,           ,           ,           ,           ,           ,           ,           ,           
TECH MAHINDRA LIMITED               ,TECHM     ,1200       ,1200       ,1200       ,           ,           ,           ,           ,           ,           ,           ,           ,           ,           ,           ,           
BOSCH LIMITED                       ,BOSCHLTD  ,30         ,30         ,30         ,           ,           ,           ,           ,           ,           ,           ,           ,           ,           ,           ,           
BHARAT PETROLEUM CORP  LT           ,BPCL      ,1800       ,1800       ,1800       ,           ,           ,           ,           ,           ,           ,           ,           ,           ,           ,           ,           
EXIDE INDUSTRIES LTD                ,EXIDEIND  ,2000       ,2000       ,2000       ,           ,           ,           ,           ,           ,           ,           ,           ,           ,           ,           ,           
VODAFONE IDEA LIMITED               ,IDEA      ,7000       ,12000      ,12000      ,           ,           ,           ,           ,           ,           ,           ,           ,           ,           ,           ,           
IFCI LTD                            ,IFCI      ,25000      ,35000      ,35000      ,           ,           ,           ,           ,           ,           ,           ,           ,           ,           ,           ,           
LIC HOUSING FINANCE LTD             ,LICHSGFIN ,1100       ,1100       ,1100       ,           ,           ,           ,           ,           ,           ,           ,           ,           ,           ,           ,           
MARICO LIMITED                      ,MARICO    ,2600       ,2600       ,2600       ,           ,           ,           ,           ,           ,           ,           ,           ,           ,           ,           ,           
REPCO HOME FINANCE LTD              ,REPCOHOME ,900        ,1100       ,1100       ,           ,           ,           ,           ,           ,           ,           ,           ,           ,           ,           ,           
SHRIRAM TRANSPORT FIN CO.           ,SRTRANSFIN,600        ,600        ,600        ,           ,           ,           ,           ,           ,           ,           ,           ,           ,           ,           ,           
TATA COMMUNICATIONS LTD             ,TATACOMM  ,800        ,1000       ,1000       ,           ,           ,           ,           ,           ,           ,           ,           ,           ,           ,           ,           
NHPC LTD                            ,NHPC      ,27000      ,27000      ,27000      ,           ,           ,           ,           ,           ,           ,           ,           ,           ,           ,           ,           
RELIANCE COMMUNICATIONS L           ,RCOM      ,28000      ,34000      ,34000      ,           ,           ,           ,           ,           ,           ,           ,           ,           ,           ,           ,           
GAIL (INDIA) LTD                    ,GAIL      ,2667       ,2667       ,2667       ,           ,           ,           ,           ,           ,           ,           ,           ,           ,           ,           ,           
LUPIN LIMITED                       ,LUPIN     ,700        ,700        ,700        ,           ,           ,           ,           ,           ,           ,           ,           ,           ,           ,           ,           
ASHOK LEYLAND LTD                   ,ASHOKLEY  ,4000       ,4000       ,4000       ,           ,           ,           ,           ,           ,           ,           ,           ,           ,           ,           ,           
JAIPRAKASH ASSOCIATES LTD           ,JPASSOCIAT,34000      ,55000      ,55000      ,           ,           ,           ,           ,           ,           ,           ,           ,           ,           ,           ,           
SUZLON ENERGY LIMITED               ,SUZLON    ,45000      ,76000      ,76000      ,           ,           ,           ,           ,           ,           ,           ,           ,           ,           ,           ,           
